Designator,Footprint,Quantity,Value,LCSC Part #
AE1,GPS1003,1,Antenna_Chip,GPS1003
"C1, C10, C11, C12, C13, C2, C22, C23, C3, C4, C7, C8",1206,12,22u,CL31A226KPHNNNE
"C14, C20, C28, C29, C30, C32, C33, C34, C36, C37, C40, C41, C43, C44, C47, C48, C50, C9",0603,18,100n,CC0603KRX7R9BB104
"C15, C16, C17, C18, C19, C31, C5, C6",0603,8,10u,CL10A106KP8NNNC
"C21, C27, C49",0603,3,1u,CL10A105KB8NNNC
C24,0603,1,22n,CC0603KRX7R9BB223
C25,0603,1,68n,CC0603KRX7R9BB683
C26,0603,1,2n,CC0603KRX7R9BB202
"C35, C42",0603,2,1.5n,CC0603KRX7R9BB152
"C38, C45",0603,2,390p,CC0603KRX7R9BB391
"C39, C46",CP_Elec_6.3x5.2,2,100u,UWX1C101MCL1GB
D1,0603,1,LED,19-217/GHC-YR1S2/3T
D3,D_SMC,1,B540C-13-F,B540C-13-F
"D4, D5",D_SOD-123F,2,D_Small,SM4007PL
F1,0603,1,2A,0467002.NRHF
"FB1, FB8, R27, R6",0603,4,1k,BLM18AG102SN1D
"H1, H2, H3, H4",MountingHole_3.2mm_M3,4,MountingHole,
J1,TYPE-C-31-M-12,1,USB,TYPE-C-31-M-12
J2,JST_PH_S2B-PH-K_1x02_P2.00mm_Horizontal,1,LiPo,S2B-PH-K-S(LF)(SN)
J3,PSS-254-8W,1,Disp,HC-2510-8AW
J4,TF-01A,1,MicroSD,TF-01A
L1,L_Vishay_IFSC-1515AH_4x4x1.8mm,1,1u,WPN4020H1R0MT
L2,L_Vishay_IFSC-1515AH_4x4x1.8mm,1,3.3u,WPN4020H3R3MT
L3,L_Sunlord_MWSA0503S,1,3.3u,MWSA0503S-3R3MT
"LS1, LS2",HY40A16T12,2,HY40A16T12-1,HY40A16T12-1
"Q1, Q2",SOT-23,2,S8050,S8050 J3Y
"Q3, Q4, Q5, Q6",SOT-23,4,2N7002,2N7002
"Q7, Q9",SOT-23,2,BSS123,BSS123
"R1, R23",0603,2,150k,0603WAF1503T5E
R10,0603,1,63.4k,0603WAF6342T5E
R11,0603,1,60.4k,0603WAF6042T5E
R12,0603,1,1.24k,0603WAF1241T5E
"R13, R14, R20, R21, R22, R25, R28, R46, R8",0603,9,10k,0603WAF1002T5E
R15,0603,1,4.7k,0603WAF4701T5E
"R16, R17, R18, R19, R35, R36, R41, R42, R9",0603,9,220,0603WAF2200T5E
"R2, R3",0603,2,5.1k,0603WAF5101T5E
R24,0603,1,300k,0603WAF3003T5E
"R26, R29",0603,2,1M,0603WAF1004T5E
"R31, R37",1206,2,100,FRD1206J101 TS
"R32, R38",0603,2,2.7k,0603WAF2701T5E
"R33, R39",0603,2,100,0603WAF1000T5E
R4,0603,1,2,0603WAF200KT5E
"R43, R44",1206,2,10,1206W4J0100T5E
R5,0603,1,0.5,0603WAF500LT5E
R7,0603,1,33.2k,0603WAF3322T5E
"T1, T2",B78416AxA003,2,B78416A2232A003,B78416A2232A003
"TP1, TP2, TP5",TestPoint_Pad_1.0x1.0mm,3,TestPoint,
U1,HSOP-8-1EP_3.9x4.9mm_P1.27mm_EP2.3x2.3mm,1,IP5306,IP5306
U10,SOT-23-3,1,MAX809T,MAX809T
U2,SOT-23-6,1,TPS562201,TPS562201DDCR
U3,SOT-23-5,1,RT9069,RT9069-33GB
U4,VQFN-16-1EP_3x3mm_P0.5mm_EP1.68x1.68mm,1,TPS55340,TPS55340RTER
U5,QFN-28-1EP_5x5mm_P0.5mm_EP3.35x3.35mm,1,CP2102N,CP2102-GMR
U6,ESP32-WROOM-32,1,ESP32-WROOM-32,ESP32-WROOM-32
U7,ublox_MAX,1,MAX-M10M,MAX-M10M-00B
"U8, U9",TSSOP-16_4.4x5mm_P0.65mm,2,PGA460TPWR,PGA460TPWR
